{"misc/timestep": 9830400, "_timestamp": 1720705933.0969183, "actor/steps_per_second": 66228.48542322134, "actor/episode_length/mean": 120.00000762939453, "actor/episode_return/mean": -11.671417236328125, "trainer/actor_loss": -0.0029206215403974056, "trainer/entropy": 1.136380672454834, "trainer/value_loss": 2.581346035003662, "evaluator/steps_per_second": 183954.39849237623, "evaluator/episode_length/mean": 120.0, "evaluator/episode_return/mean": -11.687507629394531, "_runtime": 254.06981945037842, "_step": 9830400, "_wandb": {"runtime": 253}, "absolute/steps_per_second": 17244.883829900926, "absolute/episode_length/mean": 119.9117202758789, "absolute/episode_return/mean": -11.540399551391602}