{"misc/timestep": 8355840, "_timestamp": 1720732656.103873, "actor/steps_per_second": 10999.958136666322, "actor/episode_length/mean": 119.96142578125, "actor/episode_return/mean": -11.6316499710083, "actor/predicted_values/mean": -9.014505386352539, "trainer/actor_loss": -0.005511839874088764, "trainer/entropy": 0.9668536186218262, "trainer/value_loss": 1.9982521533966064, "evaluator/steps_per_second": 96179.38310365059, "evaluator/episode_length/mean": 120.0, "evaluator/episode_return/mean": -11.695320129394531, "_runtime": 790.2938289642334, "_step": 8355840}