{"misc/timestep": 9830400, "_timestamp": 1720731432.37197, "actor/steps_per_second": 10993.452308818538, "actor/episode_length/mean": 119.88965606689453, "actor/episode_return/mean": -11.55055046081543, "actor/predicted_values/mean": -9.04089069366455, "trainer/actor_loss": -0.004935521632432938, "trainer/entropy": 0.9897543787956238, "trainer/value_loss": 2.4956560134887695, "evaluator/steps_per_second": 100038.05813664597, "evaluator/episode_length/mean": 120.0, "evaluator/episode_return/mean": -11.593757629394531, "_runtime": 968.8542268276215, "_step": 9830400, "_wandb": {"runtime": 968}, "absolute/steps_per_second": 16670.753270196605, "absolute/episode_length/mean": 120.0, "absolute/episode_return/mean": -11.608602523803711}