{"misc/timestep": 28016640, "_timestamp": 1720735813.7634242, "actor/steps_per_second": 14449.158585082425, "actor/episode_length/mean": 115.41314697265625, "actor/episode_length/std": 20.271564483642578, "actor/episode_length/min": 6, "actor/episode_length/max": 120, "actor/episode_return/mean": -9.007983207702637, "actor/episode_return/std": 4.711934566497803, "actor/episode_return/min": -12.00001049041748, "actor/episode_return/max": 13.399999618530273, "actor/predicted_values/mean": -6.421717166900635, "actor/predicted_values/std": 3.030730962753296, "actor/predicted_values/min": -9.730700492858887, "actor/predicted_values/max": 13.719858169555664, "trainer/actor_loss": -0.017730947583913803, "trainer/entropy": 0.7623128294944763, "trainer/value_loss": 1.2230490446090698, "evaluator/steps_per_second": 175846.03812899854, "evaluator/episode_length/mean": 112.171875, "evaluator/episode_length/std": 26.261932373046875, "evaluator/episode_length/min": 14.0, "evaluator/episode_length/max": 120.0, "evaluator/episode_return/mean": -8.28750228881836, "evaluator/episode_return/std": 6.030949592590332, "evaluator/episode_return/min": -12.00001049041748, "evaluator/episode_return/max": 12.59999942779541, "_runtime": 2016.696687221527, "_step": 28016640}