{"misc/timestep": 197885952, "_timestamp": 1720745046.8899174, "actor/steps_per_second": 28687.246416284193, "actor/episode_length/mean": 118.6618881225586, "actor/episode_length/std": 11.189380645751953, "actor/episode_length/min": 6, "actor/episode_length/max": 120, "actor/episode_return/mean": -10.628806114196777, "actor/episode_return/std": 2.7833545207977295, "actor/episode_return/min": -12.00001335144043, "actor/episode_return/max": 13.399999618530273, "actor/predicted_values/mean": -6.126694202423096, "actor/predicted_values/std": 1.181301236152649, "actor/predicted_values/min": -10.345905303955078, "actor/predicted_values/max": -1.2852964401245117, "trainer/actor_loss": -0.025015732273459435, "trainer/entropy": 0.9724937677383423, "trainer/value_loss": 0.8571721911430359, "evaluator/steps_per_second": 131949.1837932285, "evaluator/episode_length/mean": 119.28125, "evaluator/episode_length/std": 8.09990119934082, "evaluator/episode_length/min": 28.0, "evaluator/episode_length/max": 120.0, "evaluator/episode_return/mean": -10.787506103515625, "evaluator/episode_return/std": 2.1140544414520264, "evaluator/episode_return/min": -12.000011444091797, "evaluator/episode_return/max": 11.199999809265137, "_runtime": 7017.12202334404, "_step": 197885952}