{"misc/timestep": 53968896, "_timestamp": 1720720205.767965, "actor/steps_per_second": 23982.967752923294, "actor/episode_length/mean": 120.0, "actor/episode_return/mean": -11.746517181396484, "trainer/actor_loss": -0.002254289807751775, "trainer/entropy": 0.5481441617012024, "trainer/value_loss": 2.151726484298706, "evaluator/steps_per_second": 201557.12295938478, "evaluator/episode_length/mean": 120.0, "evaluator/episode_return/mean": -11.773445129394531, "_runtime": 2305.2164421081543, "_step": 53968896}