{"misc/timestep": 31981568, "_timestamp": 1720729992.6417353, "actor/steps_per_second": 1021779.7189094746, "actor/episode_length/mean": 496.86358642578125, "actor/episode_return/mean": 496.86358642578125, "actor/predicted_values/mean": 94.50809478759766, "trainer/actor_loss": -0.0005142776062712073, "trainer/entropy": 0.5262614488601685, "trainer/value_loss": 43.5778923034668, "evaluator/steps_per_second": 1804923.590005648, "evaluator/episode_length/mean": 500.0, "evaluator/episode_return/mean": 500.0, "evaluator/solve_rate/mean": 100.0, "_runtime": 57.91675519943237, "_step": 31981568}