{"misc/timestep": 5898240, "_timestamp": 1720717815.8022628, "actor/steps_per_second": 35356.36960721649, "actor/episode_length/mean": 120.00000762939453, "actor/episode_return/mean": -11.637534141540527, "trainer/actor_loss": -0.004188556224107742, "trainer/entropy": 1.2779490947723389, "trainer/value_loss": 2.532985210418701, "evaluator/steps_per_second": 204590.4490068118, "evaluator/episode_length/mean": 120.0, "evaluator/episode_return/mean": -11.664070129394531, "_runtime": 215.13041377067566, "_step": 5898240}