{"misc/timestep": 3997696, "_timestamp": 1720737482.319604, "actor/steps_per_second": 8767.896864156817, "actor/episode_length/mean": 118.56736755371094, "actor/episode_length/std": 11.05472183227539, "actor/episode_length/min": 5, "actor/episode_length/max": 120, "actor/episode_return/mean": -10.081079483032227, "actor/episode_return/std": 2.8683252334594727, "actor/episode_return/min": -12.000011444091797, "actor/episode_return/max": 13.5, "actor/predicted_values/mean": -9.049991607666016, "actor/predicted_values/std": 0.4627116322517395, "actor/predicted_values/min": -10.635644912719727, "actor/predicted_values/max": -5.332481861114502, "trainer/actor_loss": -0.013800246641039848, "trainer/entropy": 1.0914568901062012, "trainer/value_loss": 2.0871028900146484, "evaluator/steps_per_second": 99417.67316417705, "evaluator/episode_length/mean": 115.625, "evaluator/episode_length/std": 18.806995391845703, "evaluator/episode_length/min": 15.0, "evaluator/episode_length/max": 120.0, "evaluator/episode_return/mean": -9.25781536102295, "evaluator/episode_return/std": 4.746490478515625, "evaluator/episode_return/min": -12.000012397766113, "evaluator/episode_return/max": 12.5, "_runtime": 492.3515958786011, "_step": 3997696}