{"misc/timestep": 99942400, "_timestamp": 1720707659.1166031, "actor/steps_per_second": 66790.0897876441, "actor/episode_length/mean": 119.98991394042969, "actor/episode_return/mean": -11.671699523925781, "trainer/actor_loss": -0.00824270024895668, "trainer/entropy": 0.9630112051963806, "trainer/value_loss": 2.0740749835968018, "evaluator/steps_per_second": 186926.80259160715, "evaluator/episode_length/mean": 120.0, "evaluator/episode_return/mean": -11.687507629394531, "_runtime": 1552.8848140239716, "_step": 99942400}